experiment_id,mode,sensor_from,sensor_to,position_cm,velocity_ms,time_interval_s,acceleration_ms2
sim_presential_0_1769464103095,presential,1.0,2.0,50.0,0.4224400135180804,1.1836,
sim_presential_0_1769464103095,presential,2.0,3.0,100.0,1.101079057476327,0.45409999999999995,
sim_presential_0_1769464103095,presential,3.0,4.0,150.0,1.2966804979253115,0.38559999999999994,
