experiment_id,mode,sensor_from,sensor_to,position_cm,velocity_ms,time_interval_s,acceleration_ms2
sim_presential_32_1769461081030,presential,1.0,2.0,50.0,0.4858142246404975,1.0292,
sim_presential_32_1769461081030,presential,2.0,3.0,100.0,1.1454753722794957,0.4365000000000001,
sim_presential_32_1769461081030,presential,3.0,4.0,150.0,1.5620118712902216,0.32010000000000005,
