experiment_id,mode,sensor_from,sensor_to,position_cm,velocity_ms,time_interval_s,acceleration_ms2
sim_remote_28_1769461081030,remote,1.0,2.0,50.0,0.41956868339347153,1.1917,
sim_remote_28_1769461081030,remote,2.0,3.0,100.0,0.9836710603974032,0.5083,
sim_remote_28_1769461081030,remote,3.0,4.0,150.0,1.3401232913428027,0.3731000000000002,
