experiment_id,mode,sensor_from,sensor_to,position_cm,velocity_ms,time_interval_s,acceleration_ms2
sim_presential_41_1769461081030,presential,1.0,2.0,50.0,0.3461165720614703,1.4446,
sim_presential_41_1769461081030,presential,2.0,3.0,100.0,0.8701705534284719,0.5746,
sim_presential_41_1769461081030,presential,3.0,4.0,150.0,1.0384215991692627,0.48150000000000004,
