experiment_id,mode,sensor_from,sensor_to,position_cm,velocity_ms,time_interval_s,acceleration_ms2
sim_presential_29_1769464103096,presential,1.0,2.0,50.0,0.4853897679836909,1.0301,
sim_presential_29_1769464103096,presential,2.0,3.0,100.0,1.0575296108291035,0.4727999999999999,
sim_presential_29_1769464103096,presential,3.0,4.0,150.0,1.748863238894718,0.28590000000000004,
