experiment_id,mode,sensor_from,sensor_to,position_cm,velocity_ms,time_interval_s,acceleration_ms2
sim_remote_43_1769461081030,remote,1.0,2.0,50.0,0.3954757573360753,1.2643,
sim_remote_43_1769461081030,remote,2.0,3.0,100.0,0.8994423457456376,0.5559000000000001,
sim_remote_43_1769461081030,remote,3.0,4.0,150.0,1.2422360248447202,0.4025000000000001,
