experiment_id,mode,sensor_from,sensor_to,position_cm,velocity_ms,time_interval_s,acceleration_ms2
sim_remote_49_1769464103096,remote,1.0,2.0,50.0,0.41329145313274923,1.2098,
sim_remote_49_1769464103096,remote,2.0,3.0,100.0,1.1013215859030838,0.45399999999999996,
sim_remote_49_1769464103096,remote,3.0,4.0,150.0,1.2817226352217377,0.3901000000000001,
