experiment_id,mode,sensor_from,sensor_to,position_cm,velocity_ms,time_interval_s,acceleration_ms2
sim_presential_13_1769461081030,presential,1.0,2.0,50.0,0.44899425287356326,1.1136,
sim_presential_13_1769461081030,presential,2.0,3.0,100.0,1.1682242990654201,0.42800000000000016,
sim_presential_13_1769461081030,presential,3.0,4.0,150.0,1.3846579894765993,0.3611,
