experiment_id,mode,sensor_from,sensor_to,position_cm,velocity_ms,time_interval_s,acceleration_ms2
sim_remote_21_1769461081030,remote,1.0,2.0,50.0,0.47966231772831924,1.0424,
sim_remote_21_1769461081030,remote,2.0,3.0,100.0,1.1200716845878138,0.4463999999999999,
sim_remote_21_1769461081030,remote,3.0,4.0,150.0,1.3873473917869033,0.36040000000000005,
