experiment_id,mode,sensor_from,sensor_to,position_cm,velocity_ms,time_interval_s,acceleration_ms2
sim_presential_14_1769464103095,presential,1.0,2.0,50.0,0.3970459779242436,1.2593,
sim_presential_14_1769464103095,presential,2.0,3.0,100.0,0.9391435011269722,0.5324,
sim_presential_14_1769464103095,presential,3.0,4.0,150.0,1.2768130745658837,0.39159999999999995,
