experiment_id,mode,sensor_from,sensor_to,position_cm,velocity_ms,time_interval_s,acceleration_ms2
sim_presential_18_1769464103095,presential,1.0,2.0,50.0,0.38393611303079167,1.3023,
sim_presential_18_1769464103095,presential,2.0,3.0,100.0,0.9458948164964057,0.5286,
sim_presential_18_1769464103095,presential,3.0,4.0,150.0,1.0343400910219285,0.48339999999999983,
