experiment_id,mode,sensor_from,sensor_to,position_cm,velocity_ms,time_interval_s,acceleration_ms2
sim_remote_22_1769461081030,remote,1.0,2.0,50.0,0.3233525189161224,1.5463,
sim_remote_22_1769461081030,remote,2.0,3.0,100.0,0.8260366760284155,0.6053000000000002,
sim_remote_22_1769461081030,remote,3.0,4.0,150.0,1.0656436487638536,0.46919999999999984,
