position_cm,mode,velocity_mean,velocity_std,count
50.0,presential,0.4302439985554811,0.060548419026281546,64
50.0,remote,0.4196948029512494,0.057866783978060714,70
100.0,presential,1.134932292185514,0.22143192969631806,60
100.0,remote,1.100750254564622,0.1915862777827869,70
150.0,presential,1.1483823635445614,0.4336554623718757,70
150.0,remote,1.2887682840380577,0.2695057967030211,70
