sensor_id,mode,time_mean,time_std,count
1,presential,0.0,0.0,70
1,remote,0.0,0.0,70
2,presential,1.185825,0.1732170360770025,64
2,remote,1.2130814285714286,0.1616189769429152,70
3,presential,1.6415016666666666,0.2521977724680634,60
3,remote,1.681212857142857,0.21965913113337474,70
4,presential,2.4256528571428575,1.1700618655415693,70
4,remote,2.0864257142857143,0.27987288868689353,70
