mode,acceleration_mean,acceleration_std,count
presential,1.0108716746203814,0.5003204848856053,70
remote,1.0833596396635723,0.3921454991535217,70
