experiment_id,mode,sensor_from,sensor_to,position_cm,velocity_ms,time_interval_s,acceleration_ms2
sim_presential_7_1769461081030,presential,1.0,2.0,50.0,0.4497616263380409,1.1117,
sim_presential_7_1769461081030,presential,2.0,3.0,100.0,1.0602205258693809,0.4716,
sim_presential_7_1769461081030,presential,3.0,4.0,150.0,1.4384349827387797,0.34760000000000013,
