experiment_id,mode,sensor_from,sensor_to,position_cm,velocity_ms,time_interval_s,acceleration_ms2
sim_remote_26_1769464103096,remote,1.0,2.0,50.0,0.5179736869367035,0.9653,
sim_remote_26_1769464103096,remote,2.0,3.0,100.0,1.6490765171503963,0.3031999999999999,
sim_remote_26_1769464103096,remote,3.0,4.0,150.0,1.4330753797649758,0.3489,
