experiment_id,mode,sensor_from,sensor_to,position_cm,velocity_ms,time_interval_s,acceleration_ms2
sim_remote_19_1769464103096,remote,1.0,2.0,50.0,0.5110906674844118,0.9783,
sim_remote_19_1769464103096,remote,2.0,3.0,100.0,1.344086021505376,0.3720000000000001,
sim_remote_19_1769464103096,remote,3.0,4.0,150.0,1.8274853801169602,0.27359999999999984,
