experiment_id,mode,sensor_from,sensor_to,position_cm,velocity_ms,time_interval_s,acceleration_ms2
sim_remote_14_1769464103096,remote,1.0,2.0,50.0,0.4909180166912126,1.0185,
sim_remote_14_1769464103096,remote,2.0,3.0,100.0,0.9823182711198426,0.5090000000000001,
sim_remote_14_1769464103096,remote,3.0,4.0,150.0,1.8201674554058977,0.27469999999999994,
