experiment_id,mode,sensor_from,sensor_to,position_cm,velocity_ms,time_interval_s,acceleration_ms2
sim_remote_18_1769461081030,remote,1.0,2.0,50.0,0.3320714617785747,1.5057,
sim_remote_18_1769461081030,remote,2.0,3.0,100.0,0.7867820613690009,0.6355,
sim_remote_18_1769461081030,remote,3.0,4.0,150.0,1.168770453482936,0.42779999999999996,
