experiment_id,mode,sensor_from,sensor_to,position_cm,velocity_ms,time_interval_s,acceleration_ms2
sim_remote_32_1769461081030,remote,1.0,2.0,50.0,0.4793863854266539,1.043,
sim_remote_32_1769461081030,remote,2.0,3.0,100.0,1.21713729308666,0.41080000000000005,
sim_remote_32_1769461081030,remote,3.0,4.0,150.0,1.5010507355148606,0.33309999999999995,
