experiment_id,mode,sensor_from,sensor_to,position_cm,velocity_ms,time_interval_s,acceleration_ms2
sim_remote_35_1769464103096,remote,1.0,2.0,50.0,0.3638745360599665,1.3741,
sim_remote_35_1769464103096,remote,2.0,3.0,100.0,0.857780065191285,0.5829,
sim_remote_35_1769464103096,remote,3.0,4.0,150.0,1.2045290291496025,0.4151,
