experiment_id,mode,sensor_from,sensor_to,position_cm,velocity_ms,time_interval_s,acceleration_ms2
sim_presential_34_1769461081030,presential,1.0,2.0,50.0,0.5150391429748661,0.9708,
sim_presential_34_1769461081030,presential,2.0,3.0,100.0,1.2976901116013493,0.3853000000000001,
sim_presential_34_1769461081030,presential,3.0,4.0,150.0,1.7188037126160196,0.29089999999999994,
