experiment_id,mode,sensor_from,sensor_to,position_cm,velocity_ms,time_interval_s,acceleration_ms2
sim_remote_39_1769464103096,remote,1.0,2.0,50.0,0.46151006091932806,1.0834,
sim_remote_39_1769464103096,remote,2.0,3.0,100.0,1.146526026140793,0.43610000000000015,
sim_remote_39_1769464103096,remote,3.0,4.0,150.0,1.7070672584499833,0.29289999999999994,
