experiment_id,mode,sensor_from,sensor_to,position_cm,velocity_ms,time_interval_s,acceleration_ms2
sim_remote_27_1769461081030,remote,1.0,2.0,50.0,0.4809079542175627,1.0397,
sim_remote_27_1769461081030,remote,2.0,3.0,100.0,1.196744853997128,0.41779999999999995,
sim_remote_27_1769461081030,remote,3.0,4.0,150.0,1.4602803738317756,0.34240000000000004,
