experiment_id,mode,sensor_from,sensor_to,position_cm,velocity_ms,time_interval_s,acceleration_ms2
sim_remote_30_1769461081030,remote,1.0,2.0,50.0,0.5311802825879103,0.9413,
sim_remote_30_1769461081030,remote,2.0,3.0,100.0,1.2725884448969202,0.3929,
sim_remote_30_1769461081030,remote,3.0,4.0,150.0,1.764290755116444,0.2833999999999999,
