experiment_id,mode,sensor_from,sensor_to,position_cm,velocity_ms,time_interval_s,acceleration_ms2
sim_remote_20_1769461081030,remote,1.0,2.0,50.0,0.4488733279468534,1.1139,
sim_remote_20_1769461081030,remote,2.0,3.0,100.0,1.1470520761642573,0.4359000000000002,
sim_remote_20_1769461081030,remote,3.0,4.0,150.0,1.4956625785222852,0.33430000000000004,
