experiment_id,mode,sensor_from,sensor_to,position_cm,velocity_ms,time_interval_s,acceleration_ms2
sim_presential_40_1769461081030,presential,1.0,2.0,50.0,0.3732178846010301,1.3397,
sim_presential_40_1769461081030,presential,2.0,3.0,100.0,0.8873114463176573,0.5635000000000001,
sim_presential_40_1769461081030,presential,3.0,4.0,150.0,1.2416190712689352,0.40269999999999984,
